{
  "subject": {
    "precision": 1.0,
    "recall": 0.7758620689655172,
    "f1-score": 0.8737864077669902,
    "support": 58,
    "confused_with": {
      "id": 1
    }
  },
  "id": {
    "precision": 0.9666666666666667,
    "recall": 0.9206349206349206,
    "f1-score": 0.943089430894309,
    "support": 63,
    "confused_with": {}
  },
  "micro avg": {
    "precision": 0.9809523809523809,
    "recall": 0.8512396694214877,
    "f1-score": 0.911504424778761,
    "support": 121
  },
  "macro avg": {
    "precision": 0.9833333333333334,
    "recall": 0.8482484948002189,
    "f1-score": 0.9084379193306495,
    "support": 121
  },
  "weighted avg": {
    "precision": 0.9826446280991736,
    "recall": 0.8512396694214877,
    "f1-score": 0.909869799973776,
    "support": 121
  }
}