{
  "id": {
    "precision": 0.921875,
    "recall": 1.0,
    "f1-score": 0.959349593495935,
    "support": 59,
    "confused_with": {}
  },
  "grade": {
    "precision": 1.0,
    "recall": 0.7777777777777778,
    "f1-score": 0.8750000000000001,
    "support": 9,
    "confused_with": {}
  },
  "subject": {
    "precision": 1.0,
    "recall": 0.896551724137931,
    "f1-score": 0.9454545454545454,
    "support": 87,
    "confused_with": {}
  },
  "micro avg": {
    "precision": 0.9664429530201343,
    "recall": 0.9290322580645162,
    "f1-score": 0.9473684210526316,
    "support": 155
  },
  "macro avg": {
    "precision": 0.9739583333333334,
    "recall": 0.8914431673052362,
    "f1-score": 0.9266013796501601,
    "support": 155
  },
  "weighted avg": {
    "precision": 0.9702620967741935,
    "recall": 0.9290322580645162,
    "f1-score": 0.946652719166488,
    "support": 155
  }
}