{
  "id": {
    "precision": 1.0,
    "recall": 1.0,
    "f1-score": 1.0,
    "support": 53,
    "confused_with": {}
  },
  "subject": {
    "precision": 1.0,
    "recall": 0.65,
    "f1-score": 0.787878787878788,
    "support": 20,
    "confused_with": {}
  },
  "micro avg": {
    "precision": 1.0,
    "recall": 0.9041095890410958,
    "f1-score": 0.949640287769784,
    "support": 73
  },
  "macro avg": {
    "precision": 1.0,
    "recall": 0.825,
    "f1-score": 0.893939393939394,
    "support": 73
  },
  "weighted avg": {
    "precision": 1.0,
    "recall": 0.9041095890410958,
    "f1-score": 0.9418845994188461,
    "support": 73
  }
}